Profile Name,Displayed Name,Action,Section,Utc Timestamp,hour,year,month,day,day_shifts
Natália,"Gilmore Girls: Tal Mãe, Tal Filha",play,suggestion_title_results,2021-07-05 11:11:16,1900-01-01 11:11:16,2021,July,5,Manhão
Natália,"Gilmore Girls: Tal Mãe, Tal Filha",play,video_info,2021-07-05 09:25:49,1900-01-01 09:25:49,2021,July,5,Manhão
Natália,"Gilmore Girls: Tal Mãe, Tal Filha",play,suggestion_title_results,2021-07-05 09:25:45,1900-01-01 09:25:45,2021,July,5,Manhão
Natália,"Gilmore Girls: Tal Mãe, Tal Filha",view_video_info,suggestion_title_results,2021-07-05 09:25:40,1900-01-01 09:25:40,2021,July,5,Manhão
Natália,Brooklyn Nine-Nine,play,suggestion_title_results,2021-06-08 06:53:03,1900-01-01 06:53:03,2021,June,8,Manhão
Natália,Brooklyn Nine-Nine,view_video_info,suggestion_title_results,2021-06-08 06:52:59,1900-01-01 06:52:59,2021,June,8,Manhão
Natália,,play,suggestion_title_results,2021-06-07 02:30:35,1900-01-01 02:30:35,2021,June,7,Madrugada
Natália,Gilmore Girls: Um Ano para Recordar,play,suggestion_title_results,2021-06-07 02:09:00,1900-01-01 02:09:00,2021,June,7,Madrugada
Natália,Gilmore Girls: Um Ano para Recordar,play,suggestion_title_results,2021-06-07 02:08:59,1900-01-01 02:08:59,2021,June,7,Madrugada
Natália,,play,suggestion_title_results,2021-06-07 02:08:54,1900-01-01 02:08:54,2021,June,7,Madrugada
Natália,,view_video_info,popularSearches,2021-06-07 02:08:51,1900-01-01 02:08:51,2021,June,7,Madrugada
Natália,Gilmore Girls: Um Ano para Recordar,view_video_info,suggestion_title_results,2021-06-06 19:58:21,1900-01-01 19:58:21,2021,June,6,Noite
Natália,"Gilmore Girls: Tal Mãe, Tal Filha",view_video_info,suggestion_title_results,2021-06-06 19:58:19,1900-01-01 19:58:19,2021,June,6,Noite
Natália,The Bold Type,play,popularSearches,2021-06-06 19:57:17,1900-01-01 19:57:17,2021,June,6,Noite
Natália,,play,popularSearches,2021-06-06 19:56:54,1900-01-01 19:56:54,2021,June,6,Noite
Natália,The Bold Type,view_video_info,popularSearches,2021-06-06 19:56:49,1900-01-01 19:56:49,2021,June,6,Noite
Natália,,play,suggestion_title_results,2021-06-02 18:50:51,1900-01-01 18:50:51,2021,June,2,Tarde
Natália,Pose,view_video_info,suggestion_title_results,2021-06-02 18:48:35,1900-01-01 18:48:35,2021,June,2,Tarde
Natália,Sexify,view_video_info,popularSearches,2021-06-02 00:40:16,1900-01-01 00:40:16,2021,June,2,Madrugada
Natália,Lucifer,play,title_results,2021-05-29 16:03:07,1900-01-01 16:03:07,2021,May,29,Tarde
Natália,,play,suggestion_title_results,2021-05-28 02:10:08,1900-01-01 02:10:08,2021,May,28,Madrugada
Natália,Brooklyn Nine-Nine,view_video_info,suggestion_title_results,2021-05-28 02:10:05,1900-01-01 02:10:05,2021,May,28,Madrugada
Natália,,play,suggestion_title_results,2021-05-28 02:09:52,1900-01-01 02:09:52,2021,May,28,Madrugada
Natália,Sexify,view_video_info,suggestion_title_results,2021-05-28 02:09:44,1900-01-01 02:09:44,2021,May,28,Madrugada
Natália,,play,suggestion_title_results,2021-05-28 02:09:32,1900-01-01 02:09:32,2021,May,28,Madrugada
Natália,Sexify,view_video_info,suggestion_title_results,2021-05-28 02:09:29,1900-01-01 02:09:29,2021,May,28,Madrugada
Natália,,play,suggestion_title_results,2021-05-28 02:09:15,1900-01-01 02:09:15,2021,May,28,Madrugada
Natália,Brooklyn Nine-Nine,view_video_info,suggestion_title_results,2021-05-28 02:09:10,1900-01-01 02:09:10,2021,May,28,Madrugada
Natália,A Era dos Dados,view_video_info,suggestion_title_results,2021-05-26 04:13:16,1900-01-01 04:13:16,2021,May,26,Madrugada
Natália,,play,popularSearches,2021-05-26 04:13:10,1900-01-01 04:13:10,2021,May,26,Madrugada
Natália,,play,suggestion_title_results,2021-05-23 07:27:27,1900-01-01 07:27:27,2021,May,23,Manhão
Natália,Bad Boys e Bilionários: Índia,view_video_info,suggestion_title_results,2021-05-23 07:27:20,1900-01-01 07:27:20,2021,May,23,Manhão
Natália,,play,suggestion_title_results,2021-05-23 07:27:08,1900-01-01 07:27:08,2021,May,23,Manhão
Natália,Billions,view_video_info,suggestion_title_results,2021-05-23 07:27:07,1900-01-01 07:27:07,2021,May,23,Manhão
Natália,Explicando,view_video_info,suggestion_title_results,2021-05-23 07:27:05,1900-01-01 07:27:05,2021,May,23,Manhão
Natália,,play,suggestion_title_results,2021-05-23 07:26:36,1900-01-01 07:26:36,2021,May,23,Manhão
Natália,Explicando,view_video_info,suggestion_title_results,2021-05-23 07:26:31,1900-01-01 07:26:31,2021,May,23,Manhão
Natália,Formula 1: Drive to Survive,play,suggestion_title_results,2021-05-17 02:22:05,1900-01-01 02:22:05,2021,May,17,Madrugada
Natália,Formula 1: Drive to Survive,play,suggestion_title_results,2021-05-17 02:22:04,1900-01-01 02:22:04,2021,May,17,Madrugada
Natália,,play,suggestion_title_results,2021-05-17 02:22:03,1900-01-01 02:22:03,2021,May,17,Madrugada
Natália,Formula 1: Drive to Survive,view_video_info,suggestion_title_results,2021-05-17 02:22:02,1900-01-01 02:22:02,2021,May,17,Madrugada
Natália,,play,suggestion_title_results,2021-05-17 02:20:24,1900-01-01 02:20:24,2021,May,17,Madrugada
Natália,Formula 1: Drive to Survive,view_video_info,suggestion_title_results,2021-05-17 02:20:19,1900-01-01 02:20:19,2021,May,17,Madrugada
Natália,,play,suggestion_title_results,2021-05-17 02:20:01,1900-01-01 02:20:01,2021,May,17,Madrugada
Natália,Formula 1: Drive to Survive,view_video_info,suggestion_title_results,2021-05-17 02:20:00,1900-01-01 02:20:00,2021,May,17,Madrugada
Natália,,play,suggestion_title_results,2021-05-16 06:13:34,1900-01-01 06:13:34,2021,May,16,Manhão
Natália,"Gilmore Girls: Tal Mãe, Tal Filha",play,suggestion_title_results,2021-05-16 05:46:23,1900-01-01 05:46:23,2021,May,16,Madrugada
Natália,Modern Family,play,video_info,2021-05-16 04:51:30,1900-01-01 04:51:30,2021,May,16,Madrugada
Natália,Modern Family,play,suggestion_title_results,2021-05-16 04:51:15,1900-01-01 04:51:15,2021,May,16,Madrugada
Natália,Modern Family,play,suggestion_title_results,2021-05-16 04:51:13,1900-01-01 04:51:13,2021,May,16,Madrugada
Natália,,play,suggestion_title_results,2021-05-16 04:51:08,1900-01-01 04:51:08,2021,May,16,Madrugada
Natália,Modern Family,view_video_info,suggestion_title_results,2021-05-16 04:51:07,1900-01-01 04:51:07,2021,May,16,Madrugada
Natália,"Gilmore Girls: Tal Mãe, Tal Filha",play,video_info,2021-05-08 05:18:15,1900-01-01 05:18:15,2021,May,8,Madrugada
Natália,"Gilmore Girls: Tal Mãe, Tal Filha",play,suggestion_title_results,2021-05-08 05:18:09,1900-01-01 05:18:09,2021,May,8,Madrugada
Natália,"Gilmore Girls: Tal Mãe, Tal Filha",play,suggestion_title_results,2021-05-08 04:52:13,1900-01-01 04:52:13,2021,May,8,Madrugada
Natália,,play,suggestion_title_results,2021-05-08 04:09:13,1900-01-01 04:09:13,2021,May,8,Madrugada
Natália,Community,view_video_info,suggestion_title_results,2021-05-08 04:09:10,1900-01-01 04:09:10,2021,May,8,Madrugada
Natália,,play,suggestion_title_results,2021-04-28 04:01:34,1900-01-01 04:01:34,2021,Apr,28,Madrugada
Natália,"Gilmore Girls: Tal Mãe, Tal Filha",play,video_info,2021-04-28 03:20:37,1900-01-01 03:20:37,2021,Apr,28,Madrugada
Natália,"Gilmore Girls: Tal Mãe, Tal Filha",play,suggestion_title_results,2021-04-28 03:14:57,1900-01-01 03:14:57,2021,Apr,28,Madrugada
Natália,"Gilmore Girls: Tal Mãe, Tal Filha",play,suggestion_title_results,2021-04-28 03:14:29,1900-01-01 03:14:29,2021,Apr,28,Madrugada
Natália,"Gilmore Girls: Tal Mãe, Tal Filha",play,video_info,2021-04-28 03:14:29,1900-01-01 03:14:29,2021,Apr,28,Madrugada
Natália,"Gilmore Girls: Tal Mãe, Tal Filha",play,suggestion_title_results,2021-04-28 03:14:20,1900-01-01 03:14:20,2021,Apr,28,Madrugada
Natália,"Gilmore Girls: Tal Mãe, Tal Filha",play,suggestion_title_results,2021-04-28 03:14:19,1900-01-01 03:14:19,2021,Apr,28,Madrugada
Natália,,play,suggestion_title_results,2021-04-28 03:14:07,1900-01-01 03:14:07,2021,Apr,28,Madrugada
Natália,"Gilmore Girls: Tal Mãe, Tal Filha",view_video_info,suggestion_title_results,2021-04-28 03:13:15,1900-01-01 03:13:15,2021,Apr,28,Madrugada
Natália,"Gilmore Girls: Tal Mãe, Tal Filha",play,video_info,2021-04-07 07:47:19,1900-01-01 07:47:19,2021,Apr,7,Manhão
Natália,"Gilmore Girls: Tal Mãe, Tal Filha",play,suggestion_title_results,2021-04-07 07:47:15,1900-01-01 07:47:15,2021,Apr,7,Manhão
Natália,"Gilmore Girls: Tal Mãe, Tal Filha",play,suggestion_title_results,2021-04-07 07:47:12,1900-01-01 07:47:12,2021,Apr,7,Manhão
Natália,"Gilmore Girls: Tal Mãe, Tal Filha",view_video_info,suggestion_title_results,2021-04-07 07:47:09,1900-01-01 07:47:09,2021,Apr,7,Manhão
Natália,,play,suggestion_title_results,2021-04-07 07:47:09,1900-01-01 07:47:09,2021,Apr,7,Manhão
Natália,Modern Family,play,suggestion_title_results,2021-04-07 07:46:25,1900-01-01 07:46:25,2021,Apr,7,Manhão
Natália,Modern Family,play,suggestion_title_results,2021-04-07 06:40:39,1900-01-01 06:40:39,2021,Apr,7,Manhão
Natália,Modern Family,play,suggestion_title_results,2021-04-07 06:40:34,1900-01-01 06:40:34,2021,Apr,7,Manhão
Natália,,play,suggestion_title_results,2021-04-07 06:40:26,1900-01-01 06:40:26,2021,Apr,7,Manhão
Natália,Modern Family,view_video_info,suggestion_title_results,2021-04-07 06:40:26,1900-01-01 06:40:26,2021,Apr,7,Manhão
Natália,Em Busca do Bem-Estar,play,video_info,2021-03-28 15:39:03,1900-01-01 15:39:03,2021,March,28,Tarde
Natália,Em Busca do Bem-Estar,play,suggestion_title_results,2021-03-28 15:39:01,1900-01-01 15:39:01,2021,March,28,Tarde
Natália,,play,suggestion_title_results,2021-03-28 15:38:41,1900-01-01 15:38:41,2021,March,28,Tarde
Natália,,play,video_info,2021-03-28 15:35:29,1900-01-01 15:35:29,2021,March,28,Tarde
Natália,,view_video_info,suggestion_title_results,2021-03-28 15:35:25,1900-01-01 15:35:25,2021,March,28,Tarde
Natália,,play,suggestion_title_results,2021-03-28 15:34:49,1900-01-01 15:34:49,2021,March,28,Tarde
Natália,Em Busca do Bem-Estar,view_video_info,suggestion_title_results,2021-03-28 15:34:48,1900-01-01 15:34:48,2021,March,28,Tarde
Natália,,play,suggestion_title_results,2021-03-28 15:25:01,1900-01-01 15:25:01,2021,March,28,Tarde
Natália,Solo Fértil,view_video_info,suggestion_title_results,2021-03-28 15:25:00,1900-01-01 15:25:00,2021,March,28,Tarde
Natália,,play,suggestion_title_results,2021-03-28 15:24:21,1900-01-01 15:24:21,2021,March,28,Tarde
Natália,,play,suggestion_title_results,2021-03-28 15:24:10,1900-01-01 15:24:10,2021,March,28,Tarde
Natália,,play,video_info,2021-03-28 15:24:07,1900-01-01 15:24:07,2021,March,28,Tarde
Natália,,play,suggestion_title_results,2021-03-28 15:20:30,1900-01-01 15:20:30,2021,March,28,Tarde
Natália,,view_video_info,suggestion_title_results,2021-03-28 15:20:28,1900-01-01 15:20:28,2021,March,28,Tarde
Natália,,view_video_info,suggestion_title_results,2021-03-28 15:20:24,1900-01-01 15:20:24,2021,March,28,Tarde
Natália,,view_video_info,suggestion_title_results,2021-03-28 15:20:23,1900-01-01 15:20:23,2021,March,28,Tarde
Natália,,play,suggestion_title_results,2021-03-28 15:20:12,1900-01-01 15:20:12,2021,March,28,Tarde
Natália,,view_video_info,suggestion_title_results,2021-03-28 15:20:09,1900-01-01 15:20:09,2021,March,28,Tarde
Natália,,view_video_info,suggestion_title_results,2021-03-28 15:20:02,1900-01-01 15:20:02,2021,March,28,Tarde
Natália,,play,suggestion_title_results,2021-03-28 15:19:57,1900-01-01 15:19:57,2021,March,28,Tarde
Natália,I Am – Você tem o poder de mudar o mundo,view_video_info,suggestion_title_results,2021-03-28 15:19:56,1900-01-01 15:19:56,2021,March,28,Tarde
Natália,,play,suggestion_title_results,2021-03-28 15:15:32,1900-01-01 15:15:32,2021,March,28,Tarde
Natália,Como o Cérebro Cria,view_video_info,suggestion_title_results,2021-03-28 15:15:31,1900-01-01 15:15:31,2021,March,28,Tarde
Natália,Headspace - Meditação Guiada,view_video_info,suggestion_title_results,2021-03-28 15:14:43,1900-01-01 15:14:43,2021,March,28,Tarde
Natália,What the Health,view_video_info,suggestion_title_results,2021-03-28 15:14:00,1900-01-01 15:14:00,2021,March,28,Tarde
Natália,,play,suggestion_title_results,2021-03-28 15:14:00,1900-01-01 15:14:00,2021,March,28,Tarde
Natália,,play,suggestion_title_results,2021-03-27 14:16:57,1900-01-01 14:16:57,2021,March,27,Tarde
Natália,História: Direto ao Assunto,view_video_info,suggestion_title_results,2021-03-27 14:16:57,1900-01-01 14:16:57,2021,March,27,Tarde
Natália,,play,popularSearches,2021-03-27 14:15:13,1900-01-01 14:15:13,2021,March,27,Tarde
Natália,,view_video_info,popularSearches,2021-03-27 14:15:12,1900-01-01 14:15:12,2021,March,27,Tarde
Natália,Pequenos Grandes Heróis,play,title_results,2021-03-17 21:30:29,1900-01-01 21:30:29,2021,March,17,Noite
Natália,O Poço,play,title_results,2021-03-14 13:39:44,1900-01-01 13:39:44,2021,March,14,Tarde
Natália,O Poço,play,title_results,2021-03-14 13:25:17,1900-01-01 13:25:17,2021,March,14,Tarde
Natália,"Gilmore Girls: Tal Mãe, Tal Filha",play,suggestion_title_results,2021-03-14 03:36:24,1900-01-01 03:36:24,2021,March,14,Madrugada
Natália,"Gilmore Girls: Tal Mãe, Tal Filha",play,suggestion_title_results,2021-03-14 03:36:22,1900-01-01 03:36:22,2021,March,14,Madrugada
Natália,"Gilmore Girls: Tal Mãe, Tal Filha",view_video_info,suggestion_title_results,2021-03-14 03:36:20,1900-01-01 03:36:20,2021,March,14,Madrugada
Natália,,play,suggestion_title_results,2021-03-14 03:36:20,1900-01-01 03:36:20,2021,March,14,Madrugada
Natália,Gilmore Girls: Um Ano para Recordar,play,video_info,2021-03-13 00:43:30,1900-01-01 00:43:30,2021,March,13,Madrugada
Natália,Gilmore Girls: Um Ano para Recordar,play,suggestion_title_results,2021-03-13 00:43:20,1900-01-01 00:43:20,2021,March,13,Madrugada
Natália,Gilmore Girls: Um Ano para Recordar,play,suggestion_title_results,2021-03-13 00:43:16,1900-01-01 00:43:16,2021,March,13,Madrugada
Natália,,play,suggestion_title_results,2021-03-13 00:43:13,1900-01-01 00:43:13,2021,March,13,Madrugada
Natália,Gilmore Girls: Um Ano para Recordar,view_video_info,suggestion_title_results,2021-03-13 00:43:12,1900-01-01 00:43:12,2021,March,13,Madrugada
Natália,Amor Em Little Italy,view_video_info,title_results,2021-02-13 10:16:55,1900-01-01 10:16:55,2021,Feb,13,Manhão
Natália,,play,title_results,2021-02-13 10:16:55,1900-01-01 10:16:55,2021,Feb,13,Manhão
Natália,,play,title_results,2021-02-13 10:16:24,1900-01-01 10:16:24,2021,Feb,13,Manhão
Natália,iCarly,view_video_info,title_results,2021-02-13 10:16:23,1900-01-01 10:16:23,2021,Feb,13,Manhão
Natália,,play,title_results,2021-02-13 02:44:52,1900-01-01 02:44:52,2021,Feb,13,Madrugada
Natália,Breaking Bad,play,title_results,2021-02-13 02:23:16,1900-01-01 02:23:16,2021,Feb,13,Madrugada
Natália,Breaking Bad,play,title_results,2021-02-13 02:23:14,1900-01-01 02:23:14,2021,Feb,13,Madrugada
Natália,,play,title_results,2021-02-13 02:23:10,1900-01-01 02:23:10,2021,Feb,13,Madrugada
Natália,Breaking Bad,view_video_info,title_results,2021-02-13 02:23:09,1900-01-01 02:23:09,2021,Feb,13,Madrugada
Natália,Brené Brown: The Call to Courage,play,video_info,2021-02-07 21:31:43,1900-01-01 21:31:43,2021,Feb,7,Noite
Natália,Brené Brown: The Call to Courage,play,title_results,2021-02-07 21:31:41,1900-01-01 21:31:41,2021,Feb,7,Noite
Natália,,play,title_results,2021-02-07 21:31:30,1900-01-01 21:31:30,2021,Feb,7,Noite
Natália,Brené Brown: The Call to Courage,view_video_info,title_results,2021-02-07 21:31:29,1900-01-01 21:31:29,2021,Feb,7,Noite
Natália,,play,video_info,2021-01-25 02:15:59,1900-01-01 02:15:59,2021,Jan,25,Madrugada
Natália,Atypical,view_video_info,title_results,2021-01-25 02:05:46,1900-01-01 02:05:46,2021,Jan,25,Madrugada
Natália,,play,title_results,2021-01-25 02:05:46,1900-01-01 02:05:46,2021,Jan,25,Madrugada
Natália,,view_video_info,popularSearches,2021-01-23 21:11:02,1900-01-01 21:11:02,2021,Jan,23,Noite
Natália,,play,popularSearches,2021-01-23 21:11:02,1900-01-01 21:11:02,2021,Jan,23,Noite
Natália,The Umbrella Academy,view_video_info,title_results,2021-01-21 01:18:44,1900-01-01 01:18:44,2021,Jan,21,Madrugada
Natália,,play,title_results,2021-01-21 01:15:47,1900-01-01 01:15:47,2021,Jan,21,Madrugada
Natália,Fate: A Saga Winx,view_video_info,title_results,2021-01-21 01:14:59,1900-01-01 01:14:59,2021,Jan,21,Madrugada
Natália,Emily em Paris,play,video_info,2021-01-18 23:23:01,1900-01-01 23:23:01,2021,Jan,18,Noite
Natália,Emily em Paris,play,title_results,2021-01-18 23:20:43,1900-01-01 23:20:43,2021,Jan,18,Noite
Natália,Emily em Paris,play,video_info,2021-01-18 23:20:39,1900-01-01 23:20:39,2021,Jan,18,Noite
Natália,Emily em Paris,view_video_info,title_results,2021-01-18 23:20:36,1900-01-01 23:20:36,2021,Jan,18,Noite
Natália,Emily em Paris,play,video_info,2021-01-17 14:02:03,1900-01-01 14:02:03,2021,Jan,17,Tarde
Natália,Emily em Paris,play,popularSearches,2021-01-17 14:01:45,1900-01-01 14:01:45,2021,Jan,17,Tarde
Natália,Emily em Paris,play,video_info,2021-01-17 14:01:42,1900-01-01 14:01:42,2021,Jan,17,Tarde
Natália,Emily em Paris,view_video_info,popularSearches,2021-01-17 14:01:24,1900-01-01 14:01:24,2021,Jan,17,Tarde
Natália,Modern Family,play,title_results,2021-01-17 04:38:48,1900-01-01 04:38:48,2021,Jan,17,Madrugada
Natália,Modern Family,play,video_info,2021-01-17 04:38:45,1900-01-01 04:38:45,2021,Jan,17,Madrugada
Natália,Modern Family,view_video_info,title_results,2021-01-17 04:38:41,1900-01-01 04:38:41,2021,Jan,17,Madrugada
Natália,"Gilmore Girls: Tal Mãe, Tal Filha",play,video_info,2021-01-15 04:01:28,1900-01-01 04:01:28,2021,Jan,15,Madrugada
Natália,"Gilmore Girls: Tal Mãe, Tal Filha",play,title_results,2021-01-15 04:01:13,1900-01-01 04:01:13,2021,Jan,15,Madrugada
Natália,"Gilmore Girls: Tal Mãe, Tal Filha",play,video_info,2021-01-15 04:01:11,1900-01-01 04:01:11,2021,Jan,15,Madrugada
Natália,"Gilmore Girls: Tal Mãe, Tal Filha",view_video_info,title_results,2021-01-15 04:01:07,1900-01-01 04:01:07,2021,Jan,15,Madrugada
Natália,Rick and Morty,play,video_info,2021-01-14 04:17:41,1900-01-01 04:17:41,2021,Jan,14,Madrugada
Natália,Rick and Morty,play,title_results,2021-01-14 04:14:08,1900-01-01 04:14:08,2021,Jan,14,Madrugada
Natália,Rick and Morty,play,video_info,2021-01-14 04:14:04,1900-01-01 04:14:04,2021,Jan,14,Madrugada
Natália,Rick and Morty,view_video_info,title_results,2021-01-14 04:13:37,1900-01-01 04:13:37,2021,Jan,14,Madrugada
Natália,O Incrível Mundo de Gumball,play,popularSearches,2021-01-14 04:02:12,1900-01-01 04:02:12,2021,Jan,14,Madrugada
Natália,O Incrível Mundo de Gumball,play,video_info,2021-01-14 04:02:10,1900-01-01 04:02:10,2021,Jan,14,Madrugada
Natália,O Incrível Mundo de Gumball,view_video_info,popularSearches,2021-01-14 04:01:54,1900-01-01 04:01:54,2021,Jan,14,Madrugada
Natália,Lucifer,view_video_info,popularSearches,2021-01-14 04:01:43,1900-01-01 04:01:43,2021,Jan,14,Madrugada
Natália,The Flintstones o Filme,view_video_info,popularSearches,2021-01-14 04:01:36,1900-01-01 04:01:36,2021,Jan,14,Madrugada
Natália,The Umbrella Academy,view_video_info,popularSearches,2021-01-14 04:01:31,1900-01-01 04:01:31,2021,Jan,14,Madrugada
Natália,Easy,view_video_info,popularSearches,2021-01-14 04:01:19,1900-01-01 04:01:19,2021,Jan,14,Madrugada
Natália,Emily em Paris,view_video_info,popularSearches,2021-01-14 04:01:01,1900-01-01 04:01:01,2021,Jan,14,Madrugada
Natália,Stranger Things,view_video_info,popularSearches,2021-01-14 04:00:48,1900-01-01 04:00:48,2021,Jan,14,Madrugada
Natália,Virgin River,view_video_info,popularSearches,2021-01-14 04:00:07,1900-01-01 04:00:07,2021,Jan,14,Madrugada
Natália,Atypical,view_video_info,title_results,2021-01-13 03:35:37,1900-01-01 03:35:37,2021,Jan,13,Madrugada
Natália,Modern Family,view_video_info,title_results,2021-01-13 03:35:09,1900-01-01 03:35:09,2021,Jan,13,Madrugada
Natália,Good Witch,view_video_info,title_results,2021-01-13 03:35:01,1900-01-01 03:35:01,2021,Jan,13,Madrugada
Natália,Glee,view_video_info,title_results,2021-01-13 03:34:56,1900-01-01 03:34:56,2021,Jan,13,Madrugada
Natália,"Gilmore Girls: Tal Mãe, Tal Filha",view_video_info,title_results,2021-01-13 03:34:50,1900-01-01 03:34:50,2021,Jan,13,Madrugada
Natália,The Good Place,view_video_info,title_results,2021-01-13 03:34:41,1900-01-01 03:34:41,2021,Jan,13,Madrugada
Natália,Emily em Paris,view_video_info,title_results,2021-01-13 03:34:05,1900-01-01 03:34:05,2021,Jan,13,Madrugada
Natália,Nada Ortodoxa,view_video_info,title_results,2021-01-13 03:33:24,1900-01-01 03:33:24,2021,Jan,13,Madrugada
Natália,Dinastia,view_video_info,title_results,2021-01-13 03:33:08,1900-01-01 03:33:08,2021,Jan,13,Madrugada
Natália,,view_video_info,title_results,2021-01-13 03:32:54,1900-01-01 03:32:54,2021,Jan,13,Madrugada
Natália,Doces Magnólias,view_video_info,title_results,2021-01-13 03:32:34,1900-01-01 03:32:34,2021,Jan,13,Madrugada
Natália,Doces Magnólias,view_video_info,title_results,2021-01-13 03:31:46,1900-01-01 03:31:46,2021,Jan,13,Madrugada
Natália,Doce Argumento,view_video_info,title_results,2021-01-13 03:31:36,1900-01-01 03:31:36,2021,Jan,13,Madrugada
Natália,,view_video_info,title_results,2021-01-13 03:31:18,1900-01-01 03:31:18,2021,Jan,13,Madrugada
Natália,Control Z,view_video_info,title_results,2021-01-13 03:31:10,1900-01-01 03:31:10,2021,Jan,13,Madrugada
Natália,Perdida,view_video_info,title_results,2021-01-13 03:31:00,1900-01-01 03:31:00,2021,Jan,13,Madrugada
Natália,Kally's Mashup,view_video_info,title_results,2021-01-13 03:30:49,1900-01-01 03:30:49,2021,Jan,13,Madrugada
Natália,A Desordem que Ficou,view_video_info,title_results,2021-01-13 03:30:37,1900-01-01 03:30:37,2021,Jan,13,Madrugada
Natália,O Sucessor,view_video_info,title_results,2021-01-13 03:30:22,1900-01-01 03:30:22,2021,Jan,13,Madrugada
Natália,Greenhouse Academy,view_video_info,title_results,2021-01-13 03:29:57,1900-01-01 03:29:57,2021,Jan,13,Madrugada
Natália,Virgin River,view_video_info,title_results,2021-01-13 03:29:39,1900-01-01 03:29:39,2021,Jan,13,Madrugada
Natália,Control Z,view_video_info,title_results,2021-01-13 03:29:14,1900-01-01 03:29:14,2021,Jan,13,Madrugada
Natália,O Que Será de Nozes 2,play,video_info,2021-01-09 03:46:26,1900-01-01 03:46:26,2021,Jan,9,Madrugada
Natália,O Que Será de Nozes 2,view_video_info,title_results,2021-01-09 03:43:51,1900-01-01 03:43:51,2021,Jan,9,Madrugada
Natália,Pets Unidos!,view_video_info,title_results,2021-01-09 03:43:36,1900-01-01 03:43:36,2021,Jan,9,Madrugada
Natália,Dr. Seuss - O Lorax: Em busca da trúfula perdida,view_video_info,title_results,2021-01-09 03:43:14,1900-01-01 03:43:14,2021,Jan,9,Madrugada
Natália,Rango,view_video_info,title_results,2021-01-09 03:43:01,1900-01-01 03:43:01,2021,Jan,9,Madrugada
Natália,Turbo,view_video_info,title_results,2021-01-09 03:43:01,1900-01-01 03:43:01,2021,Jan,9,Madrugada
Natália,Rango,view_video_info,title_results,2021-01-09 03:43:00,1900-01-01 03:43:00,2021,Jan,9,Madrugada
Natália,Tom e Jerry: o Filme,view_video_info,title_results,2021-01-09 03:42:39,1900-01-01 03:42:39,2021,Jan,9,Madrugada
Natália,As Crônicas de Spiderwick,view_video_info,title_results,2021-01-09 03:42:33,1900-01-01 03:42:33,2021,Jan,9,Madrugada
Natália,Os Jovens Titãs em Ação,view_video_info,title_results,2021-01-09 03:42:27,1900-01-01 03:42:27,2021,Jan,9,Madrugada
Natália,Emoji: O Filme,view_video_info,title_results,2021-01-09 03:42:15,1900-01-01 03:42:15,2021,Jan,9,Madrugada
Natália,Bridgerton,view_video_info,title_results,2021-01-07 22:00:46,1900-01-01 22:00:46,2021,Jan,7,Noite
Natália,A Anatomia de Grey,view_video_info,popularSearches,2021-01-06 20:13:40,1900-01-01 20:13:40,2021,Jan,6,Noite
Natália,A Anatomia de Grey,play,title_results,2021-01-01 23:31:38,1900-01-01 23:31:38,2021,Jan,1,Noite
Natália,Maurício Meirelles: Levando o Caos,play,title_results,2020-12-31 17:48:13,1900-01-01 17:48:13,2020,Dec,31,Tarde
Natália,Se Algo Acontecer... Te Amo,view_video_info,title_results,2020-12-29 06:02:28,1900-01-01 06:02:28,2020,Dec,29,Manhão
Natália,Lugar de Mulher,view_video_info,title_results,2020-12-29 06:01:51,1900-01-01 06:01:51,2020,Dec,29,Manhão
Natália,Big Mouth,play,popularSearches,2020-12-29 05:49:59,1900-01-01 05:49:59,2020,Dec,29,Madrugada
Natália,Big Mouth,play,video_info,2020-12-29 05:49:57,1900-01-01 05:49:57,2020,Dec,29,Madrugada
Natália,Big Mouth,view_video_info,popularSearches,2020-12-29 05:49:44,1900-01-01 05:49:44,2020,Dec,29,Madrugada
Natália,Bridgerton,view_video_info,popularSearches,2020-12-29 05:49:39,1900-01-01 05:49:39,2020,Dec,29,Madrugada
Natália,Amor Em Little Italy,view_video_info,popularSearches,2020-12-29 05:49:18,1900-01-01 05:49:18,2020,Dec,29,Madrugada
Natália,Ava,view_video_info,popularSearches,2020-12-29 05:49:11,1900-01-01 05:49:11,2020,Dec,29,Madrugada
Natália,A Desordem que Ficou,view_video_info,popularSearches,2020-12-29 05:48:58,1900-01-01 05:48:58,2020,Dec,29,Madrugada
Natália,Tudo Bem No Natal Que Vem,view_video_info,popularSearches,2020-12-29 05:48:50,1900-01-01 05:48:50,2020,Dec,29,Madrugada
Natália,,view_video_info,title_results,2020-12-29 05:48:11,1900-01-01 05:48:11,2020,Dec,29,Madrugada
Natália,Pense como eles,view_video_info,title_results,2020-12-29 05:48:01,1900-01-01 05:48:01,2020,Dec,29,Madrugada
Natália,A Escolha,view_video_info,title_results,2020-12-29 05:47:55,1900-01-01 05:47:55,2020,Dec,29,Madrugada
Natália,Pense como eles,view_video_info,title_results,2020-12-29 05:47:22,1900-01-01 05:47:22,2020,Dec,29,Madrugada
Natália,Como vender drogas online (rápido),view_video_info,title_results,2020-12-29 05:46:58,1900-01-01 05:46:58,2020,Dec,29,Madrugada
Natália,Como Defender um Assassino,play,video_info,2020-12-29 05:46:12,1900-01-01 05:46:12,2020,Dec,29,Madrugada
Natália,Como Defender um Assassino,play,title_results,2020-12-29 05:45:54,1900-01-01 05:45:54,2020,Dec,29,Madrugada
Natália,Como Defender um Assassino,play,video_info,2020-12-29 05:45:52,1900-01-01 05:45:52,2020,Dec,29,Madrugada
Natália,Como Defender um Assassino,view_video_info,title_results,2020-12-29 05:45:36,1900-01-01 05:45:36,2020,Dec,29,Madrugada
Natália,Como treinar o seu dragão,view_video_info,title_results,2020-12-29 05:45:35,1900-01-01 05:45:35,2020,Dec,29,Madrugada
Natália,B: The Beginning,view_video_info,suggestion_title_results,2020-12-29 05:44:21,1900-01-01 05:44:21,2020,Dec,29,Madrugada
Natália,Séries de suspense policial dignas de maratona,view_suggestion_info,suggestion_results,2020-12-29 05:44:21,1900-01-01 05:44:21,2020,Dec,29,Madrugada
Natália,Séries de suspense policial dignas de maratona,view_suggestion_info,suggestion_results,2020-12-29 05:44:20,1900-01-01 05:44:20,2020,Dec,29,Madrugada
Natália,B: The Beginning,view_video_info,suggestion_title_results,2020-12-29 05:44:18,1900-01-01 05:44:18,2020,Dec,29,Madrugada
Natália,Séries de suspense policial dignas de maratona,view_suggestion_info,suggestion_results,2020-12-29 05:44:12,1900-01-01 05:44:12,2020,Dec,29,Madrugada
Natália,Como Defender um Assassino,view_video_info,suggestion_title_results,2020-12-29 05:44:10,1900-01-01 05:44:10,2020,Dec,29,Madrugada
Natália,Séries de suspense policial dignas de maratona,view_suggestion_info,suggestion_results,2020-12-29 05:43:52,1900-01-01 05:43:52,2020,Dec,29,Madrugada
Natália,Séries espanholas,view_suggestion_info,suggestion_results,2020-12-29 05:43:41,1900-01-01 05:43:41,2020,Dec,29,Madrugada
Natália,Minas do Hóquei,view_video_info,suggestion_title_results,2020-12-29 05:43:38,1900-01-01 05:43:38,2020,Dec,29,Madrugada
Natália,Séries espanholas,view_suggestion_info,suggestion_results,2020-12-29 05:43:33,1900-01-01 05:43:33,2020,Dec,29,Madrugada
Natália,Velvet Colección,view_video_info,suggestion_title_results,2020-12-29 05:43:24,1900-01-01 05:43:24,2020,Dec,29,Madrugada
Natália,Séries espanholas,view_suggestion_info,suggestion_results,2020-12-29 05:43:20,1900-01-01 05:43:20,2020,Dec,29,Madrugada
Natália,Fariña,view_video_info,suggestion_title_results,2020-12-29 05:43:16,1900-01-01 05:43:16,2020,Dec,29,Madrugada
Natália,Séries espanholas,view_suggestion_info,suggestion_results,2020-12-29 05:43:14,1900-01-01 05:43:14,2020,Dec,29,Madrugada
Natália,Apaches,view_video_info,suggestion_title_results,2020-12-29 05:43:08,1900-01-01 05:43:08,2020,Dec,29,Madrugada
Natália,Séries espanholas,view_suggestion_info,suggestion_results,2020-12-29 05:42:55,1900-01-01 05:42:55,2020,Dec,29,Madrugada
Natália,Valéria,play,suggestion_title_results,2020-12-29 05:42:40,1900-01-01 05:42:40,2020,Dec,29,Madrugada
Natália,Valéria,play,video_info,2020-12-29 05:42:38,1900-01-01 05:42:38,2020,Dec,29,Madrugada
Natália,Valéria,view_video_info,suggestion_title_results,2020-12-29 05:42:13,1900-01-01 05:42:13,2020,Dec,29,Madrugada
Natália,Séries espanholas,view_suggestion_info,suggestion_results,2020-12-29 05:42:09,1900-01-01 05:42:09,2020,Dec,29,Madrugada
Natália,Kally's Mashup,view_video_info,title_results,2020-12-29 05:41:53,1900-01-01 05:41:53,2020,Dec,29,Madrugada
Natália,Toy Boy,view_video_info,title_results,2020-12-29 05:41:29,1900-01-01 05:41:29,2020,Dec,29,Madrugada
Natália,Inacreditável,view_video_info,title_results,2020-12-29 05:41:06,1900-01-01 05:41:06,2020,Dec,29,Madrugada
Natália,Greenhouse Academy,view_video_info,title_results,2020-12-29 05:40:54,1900-01-01 05:40:54,2020,Dec,29,Madrugada
Natália,Elite,view_video_info,title_results,2020-12-29 05:40:39,1900-01-01 05:40:39,2020,Dec,29,Madrugada
Natália,O Gambito da Rainha,play,title_results,2020-12-28 04:00:15,1900-01-01 04:00:15,2020,Dec,28,Madrugada
Natália,O Gambito da Rainha,play,video_info,2020-12-28 04:00:13,1900-01-01 04:00:13,2020,Dec,28,Madrugada
Natália,O Gambito da Rainha,view_video_info,title_results,2020-12-28 04:00:00,1900-01-01 04:00:00,2020,Dec,28,Madrugada
Natália,Um maluco no pedaço,view_video_info,title_results,2020-12-15 06:20:51,1900-01-01 06:20:51,2020,Dec,15,Manhão
Natália,iCarly,play,title_results,2020-12-14 05:56:15,1900-01-01 05:56:15,2020,Dec,14,Madrugada
Natália,iCarly,play,video_info,2020-12-14 05:56:13,1900-01-01 05:56:13,2020,Dec,14,Madrugada
Natália,iCarly,view_video_info,title_results,2020-12-14 05:56:03,1900-01-01 05:56:03,2020,Dec,14,Madrugada
Natália,Modern Family,play,video_info,2020-12-14 05:02:00,1900-01-01 05:02:00,2020,Dec,14,Madrugada
Natália,Modern Family,play,title_results,2020-12-14 04:58:32,1900-01-01 04:58:32,2020,Dec,14,Madrugada
Natália,Modern Family,play,video_info,2020-12-14 04:58:29,1900-01-01 04:58:29,2020,Dec,14,Madrugada
Natália,Modern Family,view_video_info,title_results,2020-12-14 04:58:26,1900-01-01 04:58:26,2020,Dec,14,Madrugada
Natália,,play,popularSearches,2020-12-14 04:58:15,1900-01-01 04:58:15,2020,Dec,14,Madrugada
Natália,Doces Magnólias,play,video_info,2020-12-14 04:53:04,1900-01-01 04:53:04,2020,Dec,14,Madrugada
Natália,Doces Magnólias,play,title_results,2020-12-14 04:40:13,1900-01-01 04:40:13,2020,Dec,14,Madrugada
Natália,Doces Magnólias,play,video_info,2020-12-14 04:40:05,1900-01-01 04:40:05,2020,Dec,14,Madrugada
Natália,Doces Magnólias,view_video_info,title_results,2020-12-14 04:39:59,1900-01-01 04:39:59,2020,Dec,14,Madrugada
Natália,Vozes,view_video_info,title_results,2020-12-06 17:27:50,1900-01-01 17:27:50,2020,Dec,6,Tarde
Natália,A Anatomia de Grey,view_video_info,popularSearches,2020-11-21 01:06:33,1900-01-01 01:06:33,2020,Nov,21,Madrugada
Natália,Hot Girls Wanted,play,video_info,2020-11-14 05:14:05,1900-01-01 05:14:05,2020,Nov,14,Madrugada
Natália,Hot Girls Wanted,view_video_info,title_results,2020-11-14 05:13:51,1900-01-01 05:13:51,2020,Nov,14,Madrugada
Natália,Mean Girls,view_video_info,title_results,2020-11-14 05:13:46,1900-01-01 05:13:46,2020,Nov,14,Madrugada
Natália,Girlboss,view_video_info,title_results,2020-11-14 05:13:26,1900-01-01 05:13:26,2020,Nov,14,Madrugada
Natália,Girl,view_video_info,title_results,2020-11-14 05:13:21,1900-01-01 05:13:21,2020,Nov,14,Madrugada
Natália,Pretty Little Liars,play,video_info,2020-11-13 15:27:34,1900-01-01 15:27:34,2020,Nov,13,Tarde
Natália,Pretty Little Liars,view_video_info,title_results,2020-11-13 15:27:18,1900-01-01 15:27:18,2020,Nov,13,Tarde
Natália,Missão Presente de Natal,view_video_info,title_results,2020-11-13 15:27:15,1900-01-01 15:27:15,2020,Nov,13,Tarde
Natália,Valéria,view_video_info,title_results,2020-11-13 05:36:42,1900-01-01 05:36:42,2020,Nov,13,Madrugada
Natália,Girlboss,view_video_info,title_results,2020-11-13 05:36:37,1900-01-01 05:36:37,2020,Nov,13,Madrugada
Natália,Emily em Paris,view_video_info,title_results,2020-11-13 05:36:33,1900-01-01 05:36:33,2020,Nov,13,Madrugada
Natália,Outlander,view_video_info,title_results,2020-11-12 15:17:53,1900-01-01 15:17:53,2020,Nov,12,Tarde
Natália,,view_video_info,popularSearches,2020-11-12 15:15:27,1900-01-01 15:15:27,2020,Nov,12,Tarde
Natália,"Gilmore Girls: Tal Mãe, Tal Filha",play,title_results,2020-11-12 04:51:07,1900-01-01 04:51:07,2020,Nov,12,Madrugada
Natália,Girlboss,view_video_info,title_results,2020-11-12 04:47:13,1900-01-01 04:47:13,2020,Nov,12,Madrugada
Natália,Ela Quer Tudo,view_video_info,title_results,2020-11-12 04:46:58,1900-01-01 04:46:58,2020,Nov,12,Madrugada
Natália,The Good Place,view_video_info,title_results,2020-11-12 04:45:51,1900-01-01 04:45:51,2020,Nov,12,Madrugada
Natália,On My Block,view_video_info,title_results,2020-11-12 04:45:29,1900-01-01 04:45:29,2020,Nov,12,Madrugada
Natália,The Big Short,view_video_info,title_results,2020-11-12 04:45:19,1900-01-01 04:45:19,2020,Nov,12,Madrugada
Natália,The Big Show Show,view_video_info,title_results,2020-11-12 04:44:52,1900-01-01 04:44:52,2020,Nov,12,Madrugada
Natália,One Day at a Time,view_video_info,title_results,2020-11-12 04:42:50,1900-01-01 04:42:50,2020,Nov,12,Madrugada
Natália,Unbreakable Kimmy Schmidt: Kimmy x Reverendo,view_video_info,title_results,2020-11-12 04:42:20,1900-01-01 04:42:20,2020,Nov,12,Madrugada
Natália,Modern Family,play,video_info,2020-11-11 23:18:32,1900-01-01 23:18:32,2020,Nov,11,Noite
Natália,Modern Family,view_video_info,title_results,2020-11-11 23:18:30,1900-01-01 23:18:30,2020,Nov,11,Noite
Natália,Democracia em Vertigem,play,title_results,2020-10-30 14:47:35,1900-01-01 14:47:35,2020,Oct,30,Tarde
Natália,Um Novo Capitalismo,view_video_info,title_results,2020-10-30 14:47:18,1900-01-01 14:47:18,2020,Oct,30,Tarde
Natália,,view_video_info,popularSearches,2020-10-30 14:47:10,1900-01-01 14:47:10,2020,Oct,30,Tarde
Natália,O Detento,play,video_info,2020-10-30 05:20:04,1900-01-01 05:20:04,2020,Oct,30,Madrugada
Natália,O Detento,view_video_info,title_results,2020-10-30 05:18:47,1900-01-01 05:18:47,2020,Oct,30,Madrugada
Natália,The Rain,play,title_results,2020-10-30 05:00:28,1900-01-01 05:00:28,2020,Oct,30,Madrugada
Natália,O Detento,view_video_info,title_results,2020-10-30 04:56:42,1900-01-01 04:56:42,2020,Oct,30,Madrugada
Natália,Sex Education,view_video_info,title_results,2020-10-30 04:56:27,1900-01-01 04:56:27,2020,Oct,30,Madrugada
Natália,Stranger Things,view_video_info,title_results,2020-10-30 04:56:17,1900-01-01 04:56:17,2020,Oct,30,Madrugada
Natália,Selena: The Series,view_video_info,title_results,2020-10-30 04:55:58,1900-01-01 04:55:58,2020,Oct,30,Madrugada
Natália,The Rain,view_video_info,title_results,2020-10-30 04:54:15,1900-01-01 04:54:15,2020,Oct,30,Madrugada
Natália,"Bom Dia, Verônica",view_video_info,title_results,2020-10-24 17:25:55,1900-01-01 17:25:55,2020,Oct,24,Tarde
Natália,,play,popularSearches,2020-10-19 04:43:20,1900-01-01 04:43:20,2020,Oct,19,Madrugada
Natália,"Bom Dia, Verônica",view_video_info,title_results,2020-10-18 22:17:53,1900-01-01 22:17:53,2020,Oct,18,Noite
Natália,O Dilema das Redes,view_video_info,title_results,2020-10-11 14:52:05,1900-01-01 14:52:05,2020,Oct,11,Tarde
Natália,What the Health,view_video_info,title_results,2020-10-11 14:51:41,1900-01-01 14:51:41,2020,Oct,11,Tarde
Natália,Good Burger,play,title_results,2020-10-09 04:50:27,1900-01-01 04:50:27,2020,Oct,9,Madrugada
Natália,Influência,view_video_info,title_results,2020-10-06 17:11:51,1900-01-01 17:11:51,2020,Oct,6,Tarde
Natália,,view_video_info,popularSearches,2020-10-06 17:11:07,1900-01-01 17:11:07,2020,Oct,6,Tarde
Natália,,view_video_info,popularSearches,2020-10-06 17:10:45,1900-01-01 17:10:45,2020,Oct,6,Tarde
Natália,Cenas de um Homicídio: Uma Família Vizinha,view_video_info,popularSearches,2020-10-06 17:10:41,1900-01-01 17:10:41,2020,Oct,6,Tarde
Natália,Casos Arquivados,view_video_info,title_results,2020-10-04 23:03:18,1900-01-01 23:03:18,2020,Oct,4,Noite
Natália,Turismo Macabro,view_video_info,title_results,2020-10-04 23:00:25,1900-01-01 23:00:25,2020,Oct,4,Noite
Natália,Hot Girls Wanted,view_video_info,title_results,2020-10-04 22:58:40,1900-01-01 22:58:40,2020,Oct,4,Noite
Natália,Remédio Amargo,view_video_info,title_results,2020-10-04 22:58:20,1900-01-01 22:58:20,2020,Oct,4,Noite
Natália,Branquinha,view_video_info,title_results,2020-10-04 22:58:00,1900-01-01 22:58:00,2020,Oct,4,Noite
Natália,Bita e os Animais,view_video_info,popularSearches,2020-10-04 22:57:25,1900-01-01 22:57:25,2020,Oct,4,Noite
Natália,Jurassic World: Acampamento Jurássico,view_video_info,popularSearches,2020-10-04 22:57:21,1900-01-01 22:57:21,2020,Oct,4,Noite
Natália,,view_video_info,popularSearches,2020-10-04 22:55:43,1900-01-01 22:55:43,2020,Oct,4,Noite
Natália,,view_video_info,popularSearches,2020-10-04 22:55:27,1900-01-01 22:55:27,2020,Oct,4,Noite
Natália,,view_video_info,popularSearches,2020-10-04 22:55:03,1900-01-01 22:55:03,2020,Oct,4,Noite
Natália,,play,video_info,2020-10-03 22:28:24,1900-01-01 22:28:24,2020,Oct,3,Noite
Natália,,view_video_info,title_results,2020-10-03 22:28:22,1900-01-01 22:28:22,2020,Oct,3,Noite
Natália,,play,video_info,2020-10-03 22:28:14,1900-01-01 22:28:14,2020,Oct,3,Noite
Natália,,view_video_info,title_results,2020-10-03 22:28:02,1900-01-01 22:28:02,2020,Oct,3,Noite
Natália,,view_video_info,title_results,2020-10-03 22:27:32,1900-01-01 22:27:32,2020,Oct,3,Noite
Natália,,view_video_info,title_results,2020-10-03 22:27:27,1900-01-01 22:27:27,2020,Oct,3,Noite
Natália,,view_video_info,title_results,2020-10-03 22:27:05,1900-01-01 22:27:05,2020,Oct,3,Noite
Natália,,view_video_info,title_results,2020-10-03 22:26:35,1900-01-01 22:26:35,2020,Oct,3,Noite
Natália,Desvendando Serial Killers com Piers Morgan,view_video_info,title_results,2020-10-03 22:26:21,1900-01-01 22:26:21,2020,Oct,3,Noite
Natália,Desvendando Serial Killers com Piers Morgan,view_video_info,title_results,2020-10-03 22:25:06,1900-01-01 22:25:06,2020,Oct,3,Noite
Natália,Meu Malvado Favorito,view_video_info,title_results,2020-10-03 22:24:59,1900-01-01 22:24:59,2020,Oct,3,Noite
Natália,Gossip Girl,view_video_info,suggestion_title_results,2020-09-28 17:45:26,1900-01-01 17:45:26,2020,Sept,28,Tarde
Natália,Sou um Assassino,view_video_info,suggestion_title_results,2020-09-27 03:08:59,1900-01-01 03:08:59,2020,Sept,27,Madrugada
Natália,O Dilema das Redes,play,video_info,2020-09-24 03:09:57,1900-01-01 03:09:57,2020,Sept,24,Madrugada
Natália,O Dilema das Redes,view_video_info,suggestion_title_results,2020-09-24 03:09:53,1900-01-01 03:09:53,2020,Sept,24,Madrugada
Natália,O Dilema das Redes,play,video_info,2020-09-24 03:08:28,1900-01-01 03:08:28,2020,Sept,24,Madrugada
Natália,O Dilema das Redes,view_video_info,suggestion_title_results,2020-09-24 02:53:32,1900-01-01 02:53:32,2020,Sept,24,Madrugada
Natália,"Gilmore Girls: Tal Mãe, Tal Filha",play,video_info,2020-09-21 05:10:16,1900-01-01 05:10:16,2020,Sept,21,Madrugada
Natália,"Gilmore Girls: Tal Mãe, Tal Filha",view_video_info,suggestion_title_results,2020-09-21 05:10:10,1900-01-01 05:10:10,2020,Sept,21,Madrugada
Natália,"Gilmore Girls: Tal Mãe, Tal Filha",view_video_info,suggestion_title_results,2020-09-21 05:08:36,1900-01-01 05:08:36,2020,Sept,21,Madrugada
Natália,Vis a vis,play,video_info,2020-09-21 01:08:20,1900-01-01 01:08:20,2020,Sept,21,Madrugada
Natália,Vis a vis,view_video_info,suggestion_title_results,2020-09-21 01:08:09,1900-01-01 01:08:09,2020,Sept,21,Madrugada
Natália,Valéria,play,video_info,2020-09-20 06:23:17,1900-01-01 06:23:17,2020,Sept,20,Manhão
Natália,Valéria,view_video_info,suggestion_title_results,2020-09-20 06:22:54,1900-01-01 06:22:54,2020,Sept,20,Manhão
Natália,Brincando com Fogo,play,video_info,2020-09-20 06:22:07,1900-01-01 06:22:07,2020,Sept,20,Manhão
Natália,Brincando com Fogo,view_video_info,suggestion_title_results,2020-09-20 06:21:41,1900-01-01 06:21:41,2020,Sept,20,Manhão
Natália,Sempre Bruxa,view_video_info,suggestion_title_results,2020-09-20 06:21:29,1900-01-01 06:21:29,2020,Sept,20,Manhão
Natália,Control Z,view_video_info,suggestion_title_results,2020-09-20 06:20:31,1900-01-01 06:20:31,2020,Sept,20,Manhão
Natália,Não provoque,view_video_info,suggestion_title_results,2020-09-20 06:20:20,1900-01-01 06:20:20,2020,Sept,20,Manhão
Natália,O Ônibus Mágico Decola Novamente,view_video_info,suggestion_title_results,2020-09-20 06:19:04,1900-01-01 06:19:04,2020,Sept,20,Manhão
Natália,"Jenni Rivera: Borboleta do Bairro, A Série",view_video_info,suggestion_title_results,2020-09-20 06:19:02,1900-01-01 06:19:02,2020,Sept,20,Manhão
Natália,Gilmore Girls: Um Ano para Recordar,play,video_info,2020-09-20 04:53:55,1900-01-01 04:53:55,2020,Sept,20,Madrugada
Natália,Gilmore Girls: Um Ano para Recordar,view_video_info,suggestion_title_results,2020-09-20 04:53:49,1900-01-01 04:53:49,2020,Sept,20,Madrugada
Natália,Vis a vis,play,video_info,2020-09-18 18:14:53,1900-01-01 18:14:53,2020,Sept,18,Tarde
Natália,Vis a vis,view_video_info,suggestion_title_results,2020-09-18 18:14:42,1900-01-01 18:14:42,2020,Sept,18,Tarde
Natália,Klaus,view_video_info,suggestion_title_results,2020-09-17 13:10:08,1900-01-01 13:10:08,2020,Sept,17,Tarde
Natália,Locke & Key,view_video_info,suggestion_title_results,2020-09-16 03:20:29,1900-01-01 03:20:29,2020,Sept,16,Madrugada
Natália,A Pior das Bruxas,view_video_info,suggestion_title_results,2020-09-16 02:38:53,1900-01-01 02:38:53,2020,Sept,16,Madrugada
Natália,Sempre Bruxa,view_video_info,suggestion_title_results,2020-09-16 02:38:38,1900-01-01 02:38:38,2020,Sept,16,Madrugada
Natália,O Segredo,view_video_info,suggestion_title_results,2020-09-16 02:38:29,1900-01-01 02:38:29,2020,Sept,16,Madrugada
Natália,H2O - Meninas Sereias,play,video_info,2020-09-14 05:30:14,1900-01-01 05:30:14,2020,Sept,14,Madrugada
Natália,H2O - Meninas Sereias,view_video_info,suggestion_title_results,2020-09-14 05:29:57,1900-01-01 05:29:57,2020,Sept,14,Madrugada
Natália,No Good Nick,view_video_info,suggestion_title_results,2020-09-14 05:29:27,1900-01-01 05:29:27,2020,Sept,14,Madrugada
Natália,Ted,view_video_info,suggestion_title_results,2020-09-14 05:29:03,1900-01-01 05:29:03,2020,Sept,14,Madrugada
Natália,O Pacote,view_video_info,suggestion_title_results,2020-09-14 05:28:49,1900-01-01 05:28:49,2020,Sept,14,Madrugada
Natália,Brilhante Victória,view_video_info,suggestion_title_results,2020-09-14 05:28:07,1900-01-01 05:28:07,2020,Sept,14,Madrugada
Natália,Explicando,play,video_info,2020-09-12 15:40:29,1900-01-01 15:40:29,2020,Sept,12,Tarde
Natália,Explicando,play,suggestion_title_results,2020-09-12 15:40:28,1900-01-01 15:40:28,2020,Sept,12,Tarde
Natália,Rotten,view_video_info,suggestion_title_results,2020-09-12 15:36:06,1900-01-01 15:36:06,2020,Sept,12,Tarde
Natália,Explicando,view_video_info,suggestion_title_results,2020-09-12 15:34:52,1900-01-01 15:34:52,2020,Sept,12,Tarde
Natália,Vis a vis,play,video_info,2020-09-08 16:55:59,1900-01-01 16:55:59,2020,Sept,8,Tarde
Natália,Vis a vis,view_video_info,suggestion_title_results,2020-09-08 16:55:55,1900-01-01 16:55:55,2020,Sept,8,Tarde
Natália,Jane The Virgin,view_video_info,suggestion_title_results,2020-09-07 22:45:38,1900-01-01 22:45:38,2020,Sept,7,Noite
Natália,O Retorno de Johnny English,view_video_info,suggestion_title_results,2020-09-07 02:40:11,1900-01-01 02:40:11,2020,Sept,7,Madrugada
Natália,Brooklyn Nine-Nine,play,video_info,2020-09-07 00:42:19,1900-01-01 00:42:19,2020,Sept,7,Madrugada
Natália,Brooklyn Nine-Nine,view_video_info,suggestion_title_results,2020-09-07 00:35:26,1900-01-01 00:35:26,2020,Sept,7,Madrugada
Natália,Vis a vis,view_video_info,suggestion_title_results,2020-09-06 21:12:59,1900-01-01 21:12:59,2020,Sept,6,Noite
Natália,Minimalism: A Documentary About the Important Things,play,video_info,2020-08-31 23:08:39,1900-01-01 23:08:39,2020,Aug,31,Noite
Natália,Minimalism: A Documentary About the Important Things,view_video_info,suggestion_title_results,2020-08-31 23:08:28,1900-01-01 23:08:28,2020,Aug,31,Noite
Natália,Explicando,play,video_info,2020-08-31 02:36:04,1900-01-01 02:36:04,2020,Aug,31,Madrugada
Natália,Explicando,view_video_info,suggestion_title_results,2020-08-31 02:35:15,1900-01-01 02:35:15,2020,Aug,31,Madrugada
Natália,,view_video_info,suggestion_title_results,2020-08-31 02:34:44,1900-01-01 02:34:44,2020,Aug,31,Madrugada
Natália,,view_video_info,suggestion_title_results,2020-08-31 02:34:21,1900-01-01 02:34:21,2020,Aug,31,Madrugada
Natália,Minimalism: A Documentary About the Important Things,view_video_info,suggestion_title_results,2020-08-31 02:34:11,1900-01-01 02:34:11,2020,Aug,31,Madrugada
Natália,72 Animais Perigosos: América Latina,view_video_info,suggestion_title_results,2020-08-31 02:33:52,1900-01-01 02:33:52,2020,Aug,31,Madrugada
Natália,Lucifer,play,video_info,2020-08-31 02:32:22,1900-01-01 02:32:22,2020,Aug,31,Madrugada
Natália,Lucifer,view_video_info,popularSearches,2020-08-31 02:32:02,1900-01-01 02:32:02,2020,Aug,31,Madrugada
Natália,Casos Arquivados,view_video_info,suggestion_title_results,2020-08-31 02:26:03,1900-01-01 02:26:03,2020,Aug,31,Madrugada
Natália,Nosso Planeta,view_video_info,suggestion_title_results,2020-08-31 02:25:48,1900-01-01 02:25:48,2020,Aug,31,Madrugada
Natália,Desejo Sombrio,view_video_info,suggestion_title_results,2020-08-16 01:31:01,1900-01-01 01:31:01,2020,Aug,16,Madrugada
Natália,As Telefonistas,view_video_info,suggestion_title_results,2020-08-16 01:20:20,1900-01-01 01:20:20,2020,Aug,16,Madrugada
Natália,What the Health,play,video_info,2020-08-14 15:10:03,1900-01-01 15:10:03,2020,Aug,14,Tarde
Natália,What the Health,view_video_info,suggestion_title_results,2020-08-14 15:09:57,1900-01-01 15:09:57,2020,Aug,14,Tarde
Natália,Doces Magnólias,play,video_info,2020-08-12 05:10:56,1900-01-01 05:10:56,2020,Aug,12,Madrugada
Natália,Doces Magnólias,view_video_info,suggestion_title_results,2020-08-12 05:10:51,1900-01-01 05:10:51,2020,Aug,12,Madrugada
Natália,,view_video_info,suggestion_title_results,2020-08-12 05:10:39,1900-01-01 05:10:39,2020,Aug,12,Madrugada
Natália,Doces Magnólias,view_video_info,suggestion_title_results,2020-08-12 05:10:15,1900-01-01 05:10:15,2020,Aug,12,Madrugada
Natália,,view_video_info,suggestion_title_results,2020-08-12 05:09:47,1900-01-01 05:09:47,2020,Aug,12,Madrugada
Natália,Good Girls,view_video_info,suggestion_title_results,2020-08-12 05:08:50,1900-01-01 05:08:50,2020,Aug,12,Madrugada
Natália,Bloodline,view_video_info,suggestion_title_results,2020-08-12 05:08:26,1900-01-01 05:08:26,2020,Aug,12,Madrugada
Natália,"Gilmore Girls: Tal Mãe, Tal Filha",play,video_info,2020-08-11 14:58:10,1900-01-01 14:58:10,2020,Aug,11,Tarde
Natália,"Gilmore Girls: Tal Mãe, Tal Filha",view_video_info,suggestion_title_results,2020-08-11 14:57:52,1900-01-01 14:57:52,2020,Aug,11,Tarde
Natália,Desejo Sombrio,view_video_info,suggestion_title_results,2020-08-08 02:38:50,1900-01-01 02:38:50,2020,Aug,8,Madrugada
Natália,As Telefonistas,view_video_info,suggestion_title_results,2020-08-03 16:59:48,1900-01-01 16:59:48,2020,Aug,3,Tarde
Natália,As Telefonistas,play,video_info,2020-08-03 13:15:02,1900-01-01 13:15:02,2020,Aug,3,Tarde
Natália,As Telefonistas,view_video_info,suggestion_title_results,2020-08-03 13:14:40,1900-01-01 13:14:40,2020,Aug,3,Tarde
Natália,As Telefonistas,view_video_info,suggestion_title_results,2020-07-27 17:13:08,1900-01-01 17:13:08,2020,July,27,Tarde
Natália,Coisa Mais Linda,view_video_info,suggestion_title_results,2020-07-26 22:21:11,1900-01-01 22:21:11,2020,July,26,Noite
Natália,As Telefonistas,view_video_info,suggestion_title_results,2020-07-26 15:29:26,1900-01-01 15:29:26,2020,July,26,Tarde
Natália,Brooklyn Nine-Nine,view_video_info,title_results,2020-07-19 04:19:56,1900-01-01 04:19:56,2020,July,19,Madrugada
Natália,Fome de Poder,view_video_info,title_results,2020-07-18 04:08:30,1900-01-01 04:08:30,2020,July,18,Madrugada
Natália,História de um Casamento,play,video_info,2020-07-16 17:44:39,1900-01-01 17:44:39,2020,July,16,Tarde
Natália,História de um Casamento,view_video_info,title_results,2020-07-16 17:44:37,1900-01-01 17:44:37,2020,July,16,Tarde
Natália,Masha e o Urso,view_video_info,popularSearches,2020-07-15 16:56:16,1900-01-01 16:56:16,2020,July,15,Tarde
Natália,That '70s Show,play,video_info,2020-07-15 04:06:10,1900-01-01 04:06:10,2020,July,15,Madrugada
Natália,That '70s Show,view_video_info,title_results,2020-07-15 04:06:06,1900-01-01 04:06:06,2020,July,15,Madrugada
Natália,Riverdale,view_video_info,title_results,2020-07-13 15:44:14,1900-01-01 15:44:14,2020,July,13,Tarde
Natália,What the Health,play,title_results,2020-07-12 05:26:57,1900-01-01 05:26:57,2020,July,12,Madrugada
Natália,,view_video_info,title_results,2020-07-12 05:26:50,1900-01-01 05:26:50,2020,July,12,Madrugada
Natália,,view_video_info,title_results,2020-07-12 05:26:36,1900-01-01 05:26:36,2020,July,12,Madrugada
Natália,Dieta de Gladiadores,view_video_info,title_results,2020-07-12 05:26:28,1900-01-01 05:26:28,2020,July,12,Madrugada
Natália,What the Health,view_video_info,title_results,2020-07-12 05:26:19,1900-01-01 05:26:19,2020,July,12,Madrugada
Natália,Gilmore Girls: Um Ano para Recordar,play,video_info,2020-07-11 15:46:11,1900-01-01 15:46:11,2020,July,11,Tarde
Natália,Gilmore Girls: Um Ano para Recordar,view_video_info,title_results,2020-07-11 15:46:09,1900-01-01 15:46:09,2020,July,11,Tarde
Natália,Gilmore Girls: Um Ano para Recordar,play,video_info,2020-07-10 04:56:31,1900-01-01 04:56:31,2020,July,10,Madrugada
Natália,Gilmore Girls: Um Ano para Recordar,view_video_info,title_results,2020-07-10 04:56:28,1900-01-01 04:56:28,2020,July,10,Madrugada
Natália,Glow Up,play,video_info,2020-07-07 04:26:29,1900-01-01 04:26:29,2020,July,7,Madrugada
Natália,Glow Up,view_video_info,title_results,2020-07-07 04:26:27,1900-01-01 04:26:27,2020,July,7,Madrugada
Natália,Sugar Rush,view_video_info,title_results,2020-07-07 04:26:13,1900-01-01 04:26:13,2020,July,7,Madrugada
Natália,Peles em Guerra,view_video_info,title_results,2020-07-07 04:26:05,1900-01-01 04:26:05,2020,July,7,Madrugada
Natália,Next in Fashion,view_video_info,title_results,2020-07-07 04:25:56,1900-01-01 04:25:56,2020,July,7,Madrugada
Natália,Glow Up,view_video_info,title_results,2020-07-07 04:25:41,1900-01-01 04:25:41,2020,July,7,Madrugada
Natália,Avatar - A lenda de Aang,view_video_info,title_results,2020-07-03 01:59:52,1900-01-01 01:59:52,2020,July,3,Madrugada
Natália,A História de Deus com Morgan Freeman,play,video_info,2020-07-03 01:46:31,1900-01-01 01:46:31,2020,July,3,Madrugada
Natália,A História de Deus com Morgan Freeman,view_video_info,title_results,2020-07-03 01:46:27,1900-01-01 01:46:27,2020,July,3,Madrugada
Natália,Heal - O Poder da Mente,play,video_info,2020-06-26 04:45:44,1900-01-01 04:45:44,2020,June,26,Madrugada
Natália,Heal - O Poder da Mente,view_video_info,title_results,2020-06-26 04:45:32,1900-01-01 04:45:32,2020,June,26,Madrugada
Natália,Judd Apatow: O Retorno,play,video_info,2020-06-21 00:48:41,1900-01-01 00:48:41,2020,June,21,Madrugada
Natália,Judd Apatow: O Retorno,view_video_info,title_results,2020-06-21 00:48:30,1900-01-01 00:48:30,2020,June,21,Madrugada
Natália,Rotten,play,video_info,2020-06-16 15:25:32,1900-01-01 15:25:32,2020,June,16,Tarde
Natália,Rotten,view_video_info,title_results,2020-06-16 15:25:27,1900-01-01 15:25:27,2020,June,16,Tarde
Natália,Dark,view_video_info,title_results,2020-06-16 15:25:23,1900-01-01 15:25:23,2020,June,16,Tarde
Natália,,play,video_info,2020-06-16 01:51:18,1900-01-01 01:51:18,2020,June,16,Madrugada
Natália,,view_video_info,title_results,2020-06-16 01:51:03,1900-01-01 01:51:03,2020,June,16,Madrugada
Natália,,view_video_info,title_results,2020-06-16 01:50:53,1900-01-01 01:50:53,2020,June,16,Madrugada
Natália,Caffè Sospeso,view_video_info,title_results,2020-06-16 01:50:44,1900-01-01 01:50:44,2020,June,16,Madrugada
Natália,Rotten,view_video_info,title_results,2020-06-16 01:50:34,1900-01-01 01:50:34,2020,June,16,Madrugada
Natália,VegeContos: Em casa,view_video_info,title_results,2020-06-16 01:50:24,1900-01-01 01:50:24,2020,June,16,Madrugada
Natália,,play,video_info,2020-06-16 01:42:13,1900-01-01 01:42:13,2020,June,16,Madrugada
Natália,,view_video_info,title_results,2020-06-16 01:42:01,1900-01-01 01:42:01,2020,June,16,Madrugada
Natália,,view_video_info,title_results,2020-06-16 01:41:50,1900-01-01 01:41:50,2020,June,16,Madrugada
Natália,,view_video_info,title_results,2020-06-16 01:41:41,1900-01-01 01:41:41,2020,June,16,Madrugada
Natália,Cozinha do Bem,view_video_info,title_results,2020-06-16 01:41:28,1900-01-01 01:41:28,2020,June,16,Madrugada
Natália,,play,,2020-06-15 13:40:54,1900-01-01 13:40:54,2020,June,15,Tarde
Natália,,play,,2020-06-15 13:24:22,1900-01-01 13:24:22,2020,June,15,Tarde
Natália,"Gilmore Girls: Tal Mãe, Tal Filha",play,video_info,2020-06-14 16:05:56,1900-01-01 16:05:56,2020,June,14,Tarde
Natália,"Gilmore Girls: Tal Mãe, Tal Filha",view_video_info,title_results,2020-06-14 16:05:52,1900-01-01 16:05:52,2020,June,14,Tarde
Natália,"Gilmore Girls: Tal Mãe, Tal Filha",play,video_info,2020-06-14 02:44:18,1900-01-01 02:44:18,2020,June,14,Madrugada
Natália,"Gilmore Girls: Tal Mãe, Tal Filha",view_video_info,title_results,2020-06-14 02:43:55,1900-01-01 02:43:55,2020,June,14,Madrugada
Natália,"Gilmore Girls: Tal Mãe, Tal Filha",view_video_info,title_results,2020-06-12 04:17:24,1900-01-01 04:17:24,2020,June,12,Madrugada
Natália,"Gilmore Girls: Tal Mãe, Tal Filha",play,video_info,2020-06-09 02:52:23,1900-01-01 02:52:23,2020,June,9,Madrugada
Natália,"Gilmore Girls: Tal Mãe, Tal Filha",view_video_info,title_results,2020-06-09 02:51:53,1900-01-01 02:51:53,2020,June,9,Madrugada
Natália,"Gilmore Girls: Tal Mãe, Tal Filha",view_video_info,title_results,2020-06-09 01:21:02,1900-01-01 01:21:02,2020,June,9,Madrugada
